{
  "X": [
    18.333333333333336,
    5.666666666666665,
    3.589743589743588,
    0.0,
    0.0,
    20.410256410256412
  ],
  "FunctionValue": 2502.6666666666665
}